created_at,id_str,full_text,quote_count,reply_count,retweet_count,favorite_count,lang,user_id_str,conversation_id_str,username,tweet_url
Sun Dec 04 04:10:45 +0000 2022,1.59925485828849E+018,New @AsianJofLS article â€” Beyond the Sharia State: Public Celebrations and Everyday State-Making in the Malay Islamic Monarchy of Brunei Darussalam https://t.co/ksnqltkawT,0,0,0,1,en,1.01287400748866E+018,1.59925485828849E+018,AsianJofLS,https://twitter.com/AsianJofLS/status/1599254858288496640
Thu Dec 01 03:04:12 +0000 2022,1.59815094480994E+018,"A 2-day training on The Fundamental of Financial Accounting &amp  Reporting conducted recently by our SME, Prof Zulkarnain (Associate Dean), at the training centre of Brunei Institute of Leadership in Islamic Finance, Brunei Darussalam organised by ISRA Consulting.  #inceifuniversity https://t.co/pGPzkTU0Sc",0,0,1,5,en,340198657,1.59815094480994E+018,INCEIF,https://twitter.com/INCEIF/status/1598150944809947137
Thu Nov 17 00:09:00 +0000 2022,1.59303342608012E+018,Brunei Darussalam was rank 12th in the top Islamic Finance Development Indicator (IFDI) Markets in 2020. #borneobulletin #brunei #local #banks https://t.co/Rq4ISeff9m,0,0,0,0,en,9.96558062314901E+017,1.59303342608012E+018,borneo_bulletin,https://twitter.com/borneo_bulletin/status/1593033426080124929
Mon Nov 14 00:13:27 +0000 2022,1.59194738175864E+018,The Islamic Studies Department marked the 66th anniversary of the implementation of formal religious education in Brunei Darussalam with a walkathon during the ... Read more here #borneobulletin #brunei #local https://t.co/tkwizhRpas,0,0,0,0,en,9.96558062314901E+017,1.59194738175864E+018,borneo_bulletin,https://twitter.com/borneo_bulletin/status/1591947381758648323
Fri Oct 28 02:35:59 +0000 2022,1.58582265956442E+018,"@FamiOx @IniAlalalannn bkn senang nk jadi pemimpin yg adil &amp  berlandaskan undang2 Islam sebenarðŸ˜“ especially when we ARE NOT an ISLAMIC country, we only have the MAJORITY of Muslim in Malaysia..sbb we are not like BRUNEI DARUSSALAM, as long we are UNITY as 1ðŸ¤ŸðŸ¾",0,0,1,10,in,1.36731792874023E+018,1.58559924510067E+018,AnnaHaniss,https://twitter.com/AnnaHaniss/status/1585822659564425216
Fri Oct 14 12:56:37 +0000 2022,1.58090541570104E+018,"Pehin Mufti, Abdul Aziz Juneid from Brunei Darussalam delivered an online speech at the 36th International Islamic Unity Conference in Tehran. https://t.co/sJU3rsBdJB",0,0,1,2,en,1.04441131668792E+018,1.58090541570104E+018,IRANinBRUNEI,https://twitter.com/IRANinBRUNEI/status/1580905415701049344
Sun Jul 10 13:27:27 +0000 2022,1.54612394119793E+018,"On the occasion of Eid al-Adha, the Embassy of Morocco in Malaysia and Brunei Darussalam extends its warmest congratulations to all members of the Moroccan community and the Islamic nation, wishing good health and happiness. https://t.co/fltloMva6h https://t.co/rlVUzRyVDv",0,0,0,0,en,1.49137268036843E+018,1.54612394119793E+018,MoroccoinMYS,https://twitter.com/MoroccoinMYS/status/1546123941197930496
Sat Jun 04 14:41:21 +0000 2022,1.53309657582785E+018,"@rajbatam @Wonderthatslife @jsaideepak Actually not all his dakwah contains suicidal, terrors or radicalism. Some of his preaching is about Islamic views on personal, family, and daily problems.   He might be rejected in Singapore, but he is very respected in Malaysia and Brunei Darussalam.",0,2,0,0,en,1.00628281970064E+018,1.53303381136926E+018,JualPertalite,https://twitter.com/JualPertalite/status/1533096575827857411
Wed Jun 01 08:26:52 +0000 2022,1.53191516773849E+018,"Don't miss the Shariah Advisory Conference held tomorrow by the Central Bank of Bruneiâ€™s BILIF, in partnership with the BIBF! BIBF Head of Islamic Finance Centre, Mr. Mujtaba Khalid will be speaking at the conference held under the patronage of Brunei Darussalam Central Bank. https://t.co/gkAaaHFkEC",0,0,0,0,en,2613079051,1.53191516773849E+018,TheBIBF,https://twitter.com/TheBIBF/status/1531915167738494976
Sun May 01 09:55:32 +0000 2022,1.52070346063072E+018,"In a video call between @Amirabdolahian &amp  Dato Erywan,the Minister of ForeignÂ AffairsII of Brunei Darussalam,they congratulated Eid al-Fitr and talked about bilateral relations. During VC, the need for unity among the Islamic countries in the battle against extremism was stressed https://t.co/L8pUybTugy",1,0,0,5,en,1.04441131668792E+018,1.52070346063072E+018,IRANinBRUNEI,https://twitter.com/IRANinBRUNEI/status/1520703460630724608
Thu Apr 07 11:17:17 +0000 2022,1.5120267246658E+018,"One Islamic state, Itâ€™s called by Brunei Darussalam..  They respect all your believes and your food cultureâ€¦  They never think about what you eat, What you wearâ€¦  But in my nationâ€¦  à®‡à®¸à¯à®²à®¾à®®à®¿à®¯ à®¨à®¾à®Ÿà¯:  à®®à®±à¯à®± à®®à®¤à®¤à¯à®¤à®µà®°à®¿à®©à¯ à®¨à®®à¯à®ªà®¿à®•à¯à®•à¯ˆà®¯à®¿à®²à¯‹, à®…à®µà®°à¯à®•à®³à®¿à®©à¯ à®‰à®£à®µà¯ à®•à®²à®¾à®šà¯à®šà®¾à®°à®¤à¯à®¤à®¿à®²à¯‹ à®¤à®²à¯ˆà®¯à®¿à®Ÿà¯à®µà®¤à¯ à®‡à®²à¯à®²à¯ˆ https://t.co/GljhOjCZT6",0,0,0,7,en,1.3598353489776E+018,1.5120267246658E+018,ak_mdak,https://twitter.com/ak_mdak/status/1512026724665802755
Tue Mar 29 12:30:51 +0000 2022,1.50878374725203E+018,"Highlights of speech of Dr. Khairudin Aljunied, Professor of Southeast Asian Islamic and Intellectual History at University of Brunei Darussalam, during the virtual lecture: A Misunderstood Civilization: Rethinking the Study of Islam in Southeast Asia"".  #MuslimCommunities https://t.co/7WcILQ3wFX""",0,0,2,2,en,1.04494697226276E+018,1.50878374182035E+018,WMuslimCC,https://twitter.com/WMuslimCC/status/1508783747252035588
Mon Mar 28 00:30:34 +0000 2022,1.50824009203657E+018,"Jana Kapital is the first Peer-to-Peer (P2P) online Islamic fintech company that facilitates an alternative form of financing for Micro SMEs in Brunei Darussalam through funds collected from the community (investing public), or in what is now globally known as crowdfunding. https://t.co/aIiLk1Pmeq",0,0,0,0,en,1.13826930420851E+018,1.50824009203657E+018,JanaKapital,https://twitter.com/JanaKapital/status/1508240092036571136
Thu Mar 17 03:55:41 +0000 2022,1.50430544567432E+018,"Brunei Darussalam participant Abdul Aziz bin Noor Nasran clinched the fourth spot in the finals of the 7th International Al-Quran Competition among the students of the Islamic World,organised by I.R.Iran. https://t.co/2UdSzXsEXZ",0,0,1,4,en,1.04441131668792E+018,1.50430544567432E+018,IRANinBRUNEI,https://twitter.com/IRANinBRUNEI/status/1504305445674323973
Tue Mar 01 04:28:15 +0000 2022,1.49851543418576E+018,@dwidmannabraham @madmissmokhtar I watched a Brunei Darussalam classic film which was produced in 1968 by the Brunei Ministry of Religious Affairs. I saw how the state negotiated an 'Islamic' way of life through films to the people of Brunei in that era.,0,0,0,1,en,102869721,1.49850903670194E+018,AkbarRafs,https://twitter.com/AkbarRafs/status/1498515434185760772
Wed Feb 23 08:27:03 +0000 2022,1.49640120602929E+018,"Brunei Darussalam - Heaven on Earth  A place like no other  Home is where the heart is!   Lived 12 years in Brunei Darussalam.  A country with most progressive Islamic society, zero taxes, prosperous institutions, great ambience, wealthy govt &amp  wonderful people.  @PakinBrunei https://t.co/QtZULp72TG",0,0,0,0,en,231357220,1.49640120602929E+018,WaqasMahmoodAli,https://twitter.com/WaqasMahmoodAli/status/1496401206029299712
Sat Feb 19 04:53:18 +0000 2022,1.49489786257634E+018,"Anyone interested to apply for a PhD in Islamic Studies with full scholarship at Universiti Brunei Darussalam, do contact me!  A proposal is required, and it needs to be in English. The deadline will be on 28th February 2022 for August 2022 intake.",12,12,389,587,en,172371266,1.49489786257634E+018,DrAmaliAmin,https://twitter.com/DrAmaliAmin/status/1494897862576340996
Fri Feb 11 10:57:48 +0000 2022,1.49209048652986E+018,Message from the Ambassador of the Islamic Republic of Iran in Brunei Darussalam addressed to Iranians living in ðŸ‡§ðŸ‡³ https://t.co/qL4bNa3wrk,0,1,1,7,en,1.04441131668792E+018,1.49209033673032E+018,IRANinBRUNEI,https://twitter.com/IRANinBRUNEI/status/1492090486529867776
Wed Jan 26 09:45:18 +0000 2022,1.48627403577643E+018,"Senior Assistant Professor / Associate Professor / Professor in Islamic Governance - Universiti Brunei Darussalam - Bandar Seri Begawan, Brunei Darussalam https://t.co/IrWYGLxcP9 https://t.co/Zk01W2p23B",0,0,0,1,ro,4576861282,1.48627403577643E+018,akadeus_com,https://twitter.com/akadeus_com/status/1486274035776430081
Mon Jan 24 14:52:40 +0000 2022,1.48562661248613E+018,"HE.Dato Ismail Abd Manap,the new Ambassador of Brunei Darussalam in Tehran handed over his credentials to Dr.Raisi today. In the meeting, the priority of the foreign policy of the Islamic Republic of Iran over its neighbors and Islamic countries was emphasized. ðŸ‡®ðŸ‡·ðŸ‡§ðŸ‡³ https://t.co/TIOSHh8Upn",1,0,0,10,en,1.04441131668792E+018,1.48562661248613E+018,IRANinBRUNEI,https://twitter.com/IRANinBRUNEI/status/1485626612486131715
Mon Nov 29 11:28:58 +0000 2021,1.46528163021017E+018,"This week on IslamicMarkets Briefing, we cover:     ðŸ‡´ðŸ‡² Crowdfunding in Oman   ðŸ‡©ðŸ‡¿ Takaful development in Algeria   ðŸ‡§ðŸ‡³ Bank Islam Brunei Darussalam appoints its first female CEO https://t.co/9zf8W0BKOk",0,1,1,2,en,75017859,1.46528163021017E+018,islamic_markets,https://twitter.com/islamic_markets/status/1465281630210179076
Thu Oct 28 12:59:23 +0000 2021,1.45370797106672E+018,"Finalist Five! Fiqah Rahman, Brunei Darussalam Hailing from an Islamic monarchy in Southeast Asia called Brunei, on the island of Borneo, Fiqah now lives  in New York, USA, where she works as a filmmaker.   #purecork #story2021 #corkculture https://t.co/mnQLcvmi3z",0,1,0,0,en,1.09564316769999E+018,1.45370797106672E+018,Story_MTU,https://twitter.com/Story_MTU/status/1453707971066728452
Wed Sep 15 19:49:32 +0000 2021,1.43822850846826E+018,"#JustPublished: This book focuses on relationships between #globalisation, nation-building, #education, and reform as manifested throughout the modern history of #Brunei Darussalam, an Islamic monarchy located on the island of Borneo in Southeast Asia. https://t.co/rmn8opmcLA https://t.co/3iWoY4frlD",0,0,0,2,en,122411538,1.43822850846826E+018,PalgraveEducate,https://twitter.com/PalgraveEducate/status/1438228508468260866
Fri Sep 10 20:51:27 +0000 2021,1.43643215074054E+018,"Islamic Emirate of Afghanistan, Azerbaijan, Armenia, Brunei Darussalam, D.P.R. Korea, Papua New Guinea, Saint Vincent and the Grenadines, Saudi Arabia, Thailand, Tuvalu, Vanuatu, Vietnam and Yemen.  What do they all have in common? ðŸ¤”",2,13,29,131,en,1.07447034010814E+018,1.43643215074054E+018,El_Hunto,https://twitter.com/El_Hunto/status/1436432150740541445
Fri Aug 20 05:49:19 +0000 2021,1.4285949803611E+018,"@umjember melalui Unit Kantor Urusan Internasional bekerjasama dengan Fakultas Agama Islam UM Jember dan UNISSA Brunei Darussalam selenggarakan Virtual Lecture Exchange Islamic Education &amp  Syaria Economic Between Concept and Implementation in Modern Era 5.0"" https://t.co/DCjKqENxC1""",0,0,0,0,in,7.43308989262245E+017,1.4285949803611E+018,unmuhjember_ofc,https://twitter.com/unmuhjember_ofc/status/1428594980361105409
Mon Jun 07 02:45:07 +0000 2021,1.40173192240596E+018,"2/3 This was said by the Minister of Home Affairs, Yang Berhormat Pehin Orang Kaya Seri Kerna Dato Seri Setia Dr Hj Awang Abu Bakar Hj Apong in his keynote address during the Brunei Darussalam Islamic Capital Market Conference (BICAM 2021) recently.  Speaking in his capacity as",0,1,0,1,in,8.52056791529775E+017,1.40173192021654E+018,TheBruneian,https://twitter.com/TheBruneian/status/1401731922405969923
Sat Mar 06 23:22:23 +0000 2021,1.36834121791471E+018,"@amandaleeasll In the case of apostasy based on the hudud law, yes. But only after reprimanding and warning given to the concerned individual.   But now, not many Islamic countries practise this hudud law. A few examples are Saudi Arabia and Brunei Darussalam. Malaysia doesn't.",0,0,0,0,en,104884097,1.36736863421395E+018,mochixxx8,https://twitter.com/mochixxx8/status/1368341217914712066
Fri Feb 12 04:15:08 +0000 2021,1.36007996848348E+018,My statement on the occasion of 42nd of Anniversary of the victory of the Islamic Revolution and National Day of IRAN in Brunei Darussalam https://t.co/JWExkhrExQ,0,0,2,32,en,1.35946526999166E+018,1.36007996848348E+018,RigiHomeira,https://twitter.com/RigiHomeira/status/1360079968483483651
Wed Feb 10 11:12:35 +0000 2021,1.35946025053386E+018,"On the occasion of our National Day and on behalf of my colleagues in IRAN Embassy in Brunei Darussalam, I sincerely congratulate my fellow Iranians.   Hopefully, next year we can gather again to celebrate the victory of the Islamic Revolution. (4/6)  #IRI42 https://t.co/4Iq1cfqXuL",0,1,2,7,en,1.04441131668792E+018,1.35946022387059E+018,IRANinBRUNEI,https://twitter.com/IRANinBRUNEI/status/1359460250533863428
Wed Nov 25 09:32:44 +0000 2020,1.33153125389234E+018,"IBFIM in Brunei newspapers - Borneo Bulletin and Media Permata featuring our congratulatory notes to the Associate Qualification Islamic Finance (AQIF) holders from Universiti Islam Sultan Sharif Ali (UNISSA), Brunei Darussalam.  #ibfim #aqif #unissa #borneobulletin #mediapermata https://t.co/45b3TGXYTW",0,0,2,2,en,498690615,1.33153125389234E+018,IBFIM,https://twitter.com/IBFIM/status/1331531253892345856
Wed Oct 28 12:43:43 +0000 2020,1.32143245937271E+018,"Iâ€™ve been busy helping out with this student-led symposium organised by Masterâ€™s students at the Institute of Policy Studies &amp  Sultan Omar Ali Saifuddien Centre of Islamic Studies, Universiti Brunei Darussalam. Please do register to engage in the discussion #igs6 #governance https://t.co/0ssbmSr2Cq",0,1,0,1,en,2160320106,1.32143245937271E+018,AmyHeidi,https://twitter.com/AmyHeidi/status/1321432459372716034
Thu Oct 15 09:15:30 +0000 2020,1.31666901638405E+018,"1/2  The Autoriti Monetari Brunei Darussalam (AMBD) along with the banks in Brunei signed the AMBD Islamic Bills (AMBD I-Bills), an initiative aimed to support the effective and efficient liquidity for financial institutions across the sultanate.   https://t.co/XpTMyukOV2 https://t.co/ZItRrJGuVT",0,1,0,2,en,8.52056791529775E+017,1.31666901638405E+018,TheBruneian,https://twitter.com/TheBruneian/status/1316669016384053248
Fri Sep 25 12:55:12 +0000 2020,1.30947654630712E+018,"That is the apparent aim of Gibril Fouad Haddad (b. 1960), a Lebanese-born Islamic author and translator now based in Brunei Darussalam, in his work on â€˜The Lights of Revelationâ€™ â€“ a pivotal work in traditional Qurâ€™an exegesis.",0,1,0,3,en,1.23694189214482E+018,1.30947653896704E+018,GloQur,https://twitter.com/GloQur/status/1309476546307129344
Sat Jul 25 15:08:56 +0000 2020,1.28704215698582E+018,r/islam â€“ This is one of the armor of the soldiers of the Islamic persian empire and a cool looking sword and axe being displayed in Brunei Darussalam. I took this picture 2 yearsÂ ago https://t.co/2zodiMF7kU,0,0,0,0,en,1.24486657632893E+018,1.28704215698582E+018,AliAkbar_07860,https://twitter.com/AliAkbar_07860/status/1287042156985823233
Tue May 05 09:08:03 +0000 2020,1.2575979168664E+018,"#shabatkbribsbðŸ™  . Forum Indonesia Diaspora in Islamic Economic and Finance, sebagai salah satu pembicaranya Ustadz. Dr. Abdulrahman Raden Haqqi, WNI yang sudah lama bermukim diNegara Brunei DarussalamðŸ‡§ðŸ‡³âœï¸,â€¦ https://t.co/5EH572pLMY",0,0,15,28,in,1.00424445795112E+018,1.2575979168664E+018,Dubes_RI_BSB,https://twitter.com/Dubes_RI_BSB/status/1257597916866400256
Tue Apr 28 07:38:33 +0000 2020,1.25503867944729E+018,Bank Islam Brunei Darussalam celebrates the success of becoming the Sultanateâ€™s First Choice Bank.  Full story below on how the bank expresses its desire to become the regionâ€™s best in the area of Islamic finance.  https://t.co/CrpGsRiywW  #islamicfinance #Investment https://t.co/PeRThwIjQR,0,0,0,0,en,1.05564942469587E+018,1.25503867944729E+018,IntInvestorMag,https://twitter.com/IntInvestorMag/status/1255038679447293954
Tue Apr 28 07:05:39 +0000 2020,1.2550304005497E+018,@BIBDBRUNEI Bank Islam Brunei Darussalam celebrates the success of becoming the Sultanateâ€™s First Choice Bank.  Full story below on how the bank expresses its desire to become the regionâ€™s best in the area of Islamic finance.  https://t.co/adQDXhEJ3R  #islamicfinance #investment https://t.co/gVAdV9FVAL,0,0,0,0,en,1.05564942469587E+018,1.2550304005497E+018,IntInvestorMag,https://twitter.com/IntInvestorMag/status/1255030400549703681
Tue Feb 11 06:20:51 +0000 2020,1.22711526177114E+018,"We are honored to celebrate the 41st anniversary of the victory of the Islamic Revolution of Iran(National Day) in Brunei Darussalam, today February 11, 2020 https://t.co/286iYP8tR2",1,0,0,5,en,1.04441131668792E+018,1.22711526177114E+018,IRANinBRUNEI,https://twitter.com/IRANinBRUNEI/status/1227115261771141121
Mon Jan 06 01:50:50 +0000 2020,1.21400134577614E+018,Statement by the Ambassador of the Islamic Republic of Iran in Brunei Darussalam on #HardRevenge #QasimSoleimani #Iran https://t.co/J7fohsyolN,0,0,1,6,en,1.04441131668792E+018,1.21400134577614E+018,IRANinBRUNEI,https://twitter.com/IRANinBRUNEI/status/1214001345776144385
Sat Jan 04 11:36:44 +0000 2020,1.21342401715299E+018,The Iranian national flag in the Embassy of the Islamic Republic of Iran in Brunei Darussalam flies at half staff in mourning of #Qasim_Soleimani https://t.co/Ybi6dHToXR,2,2,18,106,en,1.04441131668792E+018,1.21342401715299E+018,IRANinBRUNEI,https://twitter.com/IRANinBRUNEI/status/1213424017152999425
Sat Jan 04 10:42:49 +0000 2020,1.21341044956517E+018,Statement by the Ambassador of the Islamic Republic of Iran in Brunei Darussalam on the Testimony of Martyr #QassimSuleimani #USAgovernmental_terrorism #USAinternational_terrorism #DearIran #Iran https://t.co/pimWn4yjL3,0,1,0,6,en,1.04441131668792E+018,1.21341044956517E+018,IRANinBRUNEI,https://twitter.com/IRANinBRUNEI/status/1213410449565179904
Mon Nov 04 07:25:47 +0000 2019,1.19125520303239E+018,"During a meeting between the Ambassador of the Islamic Republic of Iran to Brunei Darussalam with the speaker of the legislative Council of Brunei, the strengthening of bilateral relations between the two countries in various political and economic fields was emphasized. https://t.co/b6OZ43iB9k",0,0,0,2,en,1.04441131668792E+018,1.19125520303239E+018,IRANinBRUNEI,https://twitter.com/IRANinBRUNEI/status/1191255203032399872
Tue Oct 22 08:52:33 +0000 2019,1.18656599574739E+018,"Ambassador of the Islamic Republic of Iran to Brunei Darussalam During a meeting with the Minister of Development of Brunei Darussalam, emphasis the bilateral cooperation in the filed of infrastructure development in line with the sustainable development https://t.co/DhUabLHtqU",0,0,0,4,en,1.04441131668792E+018,1.18656599574739E+018,IRANinBRUNEI,https://twitter.com/IRANinBRUNEI/status/1186565995747393536
Tue Oct 22 03:26:57 +0000 2019,1.1864840563026E+018,"H.E.Rigi the Ambassador of the Islamic Republic of Iran to Brunei Darussalam during a meeting with the Minister of communication of Brunei Darussalam, emphasis the bilateral relations between the two countries in the field of aviation, commercial and maritime shipping https://t.co/G0Da7E7swJ",0,0,0,6,en,1.04441131668792E+018,1.1864840563026E+018,IRANinBRUNEI,https://twitter.com/IRANinBRUNEI/status/1186484056302604288
Sun Oct 13 01:59:01 +0000 2019,1.1832004365908E+018,"His Majesty The Sultan and Yang Di-Pertuan of Brunei Darussalam in a titah expressed his hope to see the newly inaugurated Balai Khazanah Islam Sultan Haji Hassanal Bolkiah to become a centre for Islamic heritage knowledge, research and tourism destination https://t.co/JtyGADxYZY https://t.co/DmAUNnToR4",1,0,6,21,en,9.96558062314901E+017,1.1832004365908E+018,borneo_bulletin,https://twitter.com/borneo_bulletin/status/1183200436590800896
Sat Sep 21 07:21:12 +0000 2019,1.17530898144879E+018,Dr Halida Jaidin giving a presentation on Muslim women leaders in Higher Education: The Brunei Experience at the Islamic Governance Symposium at Universiti Brunei Darussalam #Muslimwomen #womenempowerment #AcademicTwitter https://t.co/fVZ05ys4C3,0,1,0,2,en,2160320106,1.17530898144879E+018,AmyHeidi,https://twitter.com/AmyHeidi/status/1175308981448794119
Wed Sep 18 18:10:01 +0000 2019,1.17438509789579E+018,"GIFA Excellence Award (Islamic Finance Training &amp  Education) 2019 was awarded to the Centre For Islamic Banking, Finance And Management (CIBFM) in Brunei Darussalam. CIBFM has been working relentlessly towards providing relevant and valuable trainings to nurture and grow talents. https://t.co/BzYKkQyRoh",0,0,1,1,en,1323973622,1.17438509789579E+018,EdbizCon,https://twitter.com/EdbizCon/status/1174385097895796741
Wed Sep 18 17:46:09 +0000 2019,1.17437909347275E+018,"GIFA Market Leadership Award (Education in Islamic Banking &amp  Finance) 2019 was presented to the Faculty of Islamic Economics and Finance, Universiti Islam Sultan Sharif Ali (UNISSA) Brunei Darussalam. https://t.co/5yxKUTI8kw",0,0,1,2,en,1323973622,1.17437909347275E+018,EdbizCon,https://twitter.com/EdbizCon/status/1174379093472751616
Fri Aug 30 09:43:11 +0000 2019,1.16737217984075E+018,"His Majesty the Sultan and Yang Di Pertuan of Brunei Darussalam in a titah said UNISSA should ensure its programs are in-tandem with the digital revolution, without neglecting its primary role in producing credible Islamic scholars, at the university's 9th convocation ceremony https://t.co/V5wNPAOJK6",0,0,5,20,en,9.96558062314901E+017,1.16737217984075E+018,borneo_bulletin,https://twitter.com/borneo_bulletin/status/1167372179840753664
Tue Aug 06 08:15:13 +0000 2019,1.15865273644065E+018,"ðŸ‡°ðŸ‡¿ðŸ‡§ðŸ‡³ Prospects for cooperation within the framework of the Islamic organization for food security (#IOFS) were discussed in #Brunei Darussalam  On August 5, 2019 The IOFS Acting Director General Mr. Erlan Baidaulet has paid a working visit to Brunei Darussalam. https://t.co/JDPNQPGdPs",0,0,0,1,en,496046503,1.15865273644065E+018,KZEmbassyKL,https://twitter.com/KZEmbassyKL/status/1158652736440655872
Tue Aug 06 07:49:16 +0000 2019,1.15864620325453E+018,Prospects for cooperation within the framework of the Islamic organization for food security were discussed in Brunei Darussalam - https://t.co/Bt28kVaofz https://t.co/OdRvoFg9c0,0,0,0,1,en,814751179,1.15864620325453E+018,KazakhPM_UNOG,https://twitter.com/KazakhPM_UNOG/status/1158646203254530048
Wed May 22 17:53:13 +0000 2019,1.13125671754988E+018,"His Majesty Sultan and Yang Di-Pertuan of Brunei Darussalam in a Titah last evening called for the further strengthening of Islamic teachings based on the Al-Quran, while also urging religious authorities to avoid any deviation from authentic Islamic teachings. https://t.co/1eteGQneU6",0,0,17,35,en,9.96558062314901E+017,1.13125671754988E+018,borneo_bulletin,https://twitter.com/borneo_bulletin/status/1131256717549887488
Wed May 22 17:23:21 +0000 2019,1.13124919978833E+018,"Statistics from the Islamic Dakwah Centre (PDI) under the Ministry of Religious Affairs show that 120 Islamic conversions have taken place in Brunei Darussalam, from January 2019. https://t.co/xnLXgSeoBZ",0,0,1,5,en,9.96558062314901E+017,1.13124919978833E+018,borneo_bulletin,https://twitter.com/borneo_bulletin/status/1131249199788335105
Thu Apr 11 15:40:57 +0000 2019,1.11636552905106E+018,"Prayer places and the airport gained scores of 100 for Brunei Darussalam, which climbed one spot to 10th place among the Organisation of Islamic Cooperation (OIC) countries in the latest MasterCard-CrescentRating Global Muslim Travel Index (GMTI), which was revealed on Thursday",0,0,0,2,en,9.96558062314901E+017,1.11636552905106E+018,borneo_bulletin,https://twitter.com/borneo_bulletin/status/1116365529051066368
Tue Apr 09 06:05:17 +0000 2019,1.11549588008852E+018,https://t.co/wi77xlXKeN Brunei Darussalam! Much happy to hear you promugation of Islamic Law in your country. I wish to migrate to your country to serve Islam,0,1,0,0,en,188922462,1.11549588008852E+018,binibrahim19,https://twitter.com/binibrahim19/status/1115495880088522752
Tue Apr 02 13:10:19 +0000 2019,1.11306612731844E+018,"Alhamdolillah! We are the first Pakistani's, Representing Our Country PakistanðŸ‡µðŸ‡°"" in International Islamic Event, in Brunei, Darussalam ðŸ‡§ðŸ‡³ðŸ’›ðŸ‡µðŸ‡°ðŸ’š  Here is myâ€¦ https://t.co/wt48eFcAR8""",0,0,0,1,en,1701489474,1.11306612731844E+018,arsalangelani,https://twitter.com/arsalangelani/status/1113066127318441985
Thu Mar 28 22:16:58 +0000 2019,1.11139175685403E+018,Islamic Authority and the State in Brunei Darussalam - https://t.co/uZVexN1DPa,0,0,0,0,ro,61739127,1.11139175685403E+018,darnoujoum,https://twitter.com/darnoujoum/status/1111391756854034438
Wed Mar 27 12:17:22 +0000 2019,1.1108784774845E+018,"Challenges in Monetary Policy Management Planning for the Future by Ahmad Masood Khalid, Universiti Brunei Darussalam, Brunei Obiyathulla Ismath Bacha, International Centre for Education in Islamic Finance (INCEIF), Malaysia https://t.co/iZ4UkoYMxj",0,0,0,0,en,4126161,1.1108784774845E+018,Lahore_School,https://twitter.com/Lahore_School/status/1110878477484507138
Sat Mar 23 17:07:21 +0000 2019,1.10950190266272E+018,"His Majesty the Sultan and Yang Di-Pertuan of Brunei Darussalam attended the Conferment of the Honorary Doctorate (Islamic Leadership) in conjunction with the 90th UiTM Convocation Ceremony at the Dewan Agung Tuanku Canselor (DATC), UiTM, Malaysia on Saturday morning. https://t.co/iLeMTKescf",0,0,1,6,en,9.96558062314901E+017,1.10950190266272E+018,borneo_bulletin,https://twitter.com/borneo_bulletin/status/1109501902662725637
Wed Mar 06 11:14:53 +0000 2019,1.10325260809606E+018,Scholarships from Islamic Cooperation Organization to study in Brunei Darussalam. - Details: https://t.co/F43TXEVV0O https://t.co/F43TXEVV0O,0,0,0,0,en,2194746522,1.10325260809606E+018,edunewsen,https://twitter.com/edunewsen/status/1103252608096063488
Wed Mar 06 11:14:43 +0000 2019,1.10325256335126E+018,Scholarships from Islamic Cooperation Organization to study in Brunei Darussalam. - Details: https://t.co/X1V4ZVLiq2 https://t.co/X1V4ZVLiq2,0,0,0,0,en,2192735682,1.10325256335126E+018,scinews_en,https://twitter.com/scinews_en/status/1103252563351269376
Wed Mar 06 11:14:34 +0000 2019,1.1032525267895E+018,Scholarships from Islamic Cooperation Organization to study in Brunei Darussalam. - Details: https://t.co/aZSqsxIW1L https://t.co/aZSqsxIW1L,0,0,0,0,en,2198626063,1.1032525267895E+018,comnewsen,https://twitter.com/comnewsen/status/1103252526789509121
Wed Mar 06 11:14:21 +0000 2019,1.10325247274166E+018,Scholarships from Islamic Cooperation Organization to study in Brunei Darussalam. - Details: https://t.co/cxfOPTlXPm https://t.co/cxfOPTlXPm,0,0,0,0,en,2199316776,1.10325247274166E+018,artsnewsen,https://twitter.com/artsnewsen/status/1103252472741666816
Wed Mar 06 11:14:11 +0000 2019,1.10325243150752E+018,Scholarships from Islamic Cooperation Organization to study in Brunei Darussalam. - Details: https://t.co/AqGgsofGka https://t.co/AqGgsofGka,0,0,0,0,en,2198715529,1.10325243150752E+018,agrnewsen,https://twitter.com/agrnewsen/status/1103252431507521538
Wed Mar 06 11:13:58 +0000 2019,1.10325237493049E+018,Scholarships from Islamic Cooperation Organization to study in Brunei Darussalam. - Details: https://t.co/ZiKINkYUEy https://t.co/ZiKINkYUEy,0,0,0,0,en,2194593283,1.10325237493049E+018,spenewsen,https://twitter.com/spenewsen/status/1103252374930493440
Wed Mar 06 11:13:47 +0000 2019,1.10325232920005E+018,Scholarships from Islamic Cooperation Organization to study in Brunei Darussalam. - Details: https://t.co/MDQjKZqyi9 https://t.co/MDQjKZqyi9,0,0,0,0,en,2199415962,1.10325232920005E+018,phynewsen,https://twitter.com/phynewsen/status/1103252329200054276
Wed Mar 06 11:13:38 +0000 2019,1.10325229201338E+018,Scholarships from Islamic Cooperation Organization to study in Brunei Darussalam. - Details: https://t.co/RVNfCn9jpV https://t.co/RVNfCn9jpV,0,0,0,0,en,2193029401,1.10325229201338E+018,appnewsen,https://twitter.com/appnewsen/status/1103252292013383681
Wed Mar 06 11:13:26 +0000 2019,1.10325224302382E+018,Scholarships from Islamic Cooperation Organization to study in Brunei Darussalam. - Details: https://t.co/Id9iGJmGM9 https://t.co/Id9iGJmGM9,0,0,0,0,en,2198715529,1.10325224302382E+018,agrnewsen,https://twitter.com/agrnewsen/status/1103252243023826945
Wed Mar 06 11:13:19 +0000 2019,1.10325221375186E+018,Scholarships from Islamic Cooperation Organization to study in Brunei Darussalam. - Details: https://t.co/APV9AOaqFS https://t.co/APV9AOaqFS,0,0,0,0,en,2198715529,1.10325221375186E+018,agrnewsen,https://twitter.com/agrnewsen/status/1103252213751865352
Wed Mar 06 11:13:18 +0000 2019,1.10325220861381E+018,Scholarships from Islamic Cooperation Organization to study in Brunei Darussalam. - Details: https://t.co/GHoo3053eG https://t.co/GHoo3053eG,0,0,0,0,en,2198715529,1.10325220861381E+018,agrnewsen,https://twitter.com/agrnewsen/status/1103252208613814272
Wed Mar 06 11:09:26 +0000 2019,1.10325123560654E+018,Scholarships from Islamic Cooperation Organization to study in Brunei Darussalam. - Details: https://t.co/kbpFyLqthY https://t.co/kbpFyLqthY,0,0,0,0,en,2194808617,1.10325123560654E+018,DamiettaUnivEn,https://twitter.com/DamiettaUnivEn/status/1103251235606540289
Wed Mar 06 11:09:19 +0000 2019,1.10325120638902E+018,Scholarships from Islamic Cooperation Organization to study in Brunei Darussalam.https://t.co/kDQXOJfPNp,0,0,0,0,en,1373276246,1.10325120638902E+018,DamiettaUni,https://twitter.com/DamiettaUni/status/1103251206389022720
Tue Mar 05 10:05:03 +0000 2019,1.10287264325284E+018,Her Excellency Homeira Rigi  the Ambassador Designate of the Islamic Republic of Iran to Brunei Darussalam arrived in Bandar Seri Begawan on 2nd March 2019. https://t.co/j16yEbvg7E,1,0,1,21,en,1.04441131668792E+018,1.10287264325284E+018,IRANinBRUNEI,https://twitter.com/IRANinBRUNEI/status/1102872643252846592
Thu Feb 21 08:27:54 +0000 2019,1.09849954018808E+018,Scholarships of Islamic Cooperation Organization for 2019/2020  The General Secretariat of the Organization of Islamic Cooperation in Jeddah reported that the Brunei Darussalam government has announced the granting of   https://t.co/tmwhyql0Ck https://t.co/iOuimAaryu,0,0,0,0,en,2849503492,1.09849954018808E+018,muvphe,https://twitter.com/muvphe/status/1098499540188086273
Mon Feb 11 15:14:56 +0000 2019,1.09497809515557E+018,THE Embassy of Iran in Brunei Darussalam celebrated the 40th anniversary of Iranâ€™s Islamic Revolution on Monday at The Rizqun International Hotel. https://t.co/wFfdjzPd23,0,1,1,3,en,9.96558062314901E+017,1.09497809515557E+018,borneo_bulletin,https://twitter.com/borneo_bulletin/status/1094978095155572737
Tue Dec 04 11:43:37 +0000 2018,1.0699201529789E+018,@IRTI_IDB and @CibfmB jointly organized an Islamic capital market masterclass in Brunei Darussalam last week. Here are some images from the event: https://t.co/R0czU7QGKO @isdb_group @isdbindonesia @IsDBG_ROKL,0,0,1,3,en,2958464635,1.0699201529789E+018,isdbinstitute,https://twitter.com/isdbinstitute/status/1069920152978903040
Mon Oct 08 13:30:12 +0000 2018,1.04929086787222E+018,HIS Majesty the Sultan and Yang Di-Pertuan of Brunei Darussalam received in audience outgoing High Commissioner of The Islamic Republic of Pakistan to Brunei Darussalam Major General (Rtd) Tariq Rashid Khan yesterday afternoon at the Istana Nurul Iman. https://t.co/5Wj1M91juW,0,0,0,1,en,9.96558062314901E+017,1.04929086787222E+018,borneo_bulletin,https://twitter.com/borneo_bulletin/status/1049290867872227328
Thu Oct 04 15:37:49 +0000 2018,1.04787343207384E+018,"His Royal Highness Prince Haji Al-Muhtadee Billah, the Deputy Sultan, on Thursday morning received in audience outgoing High Commissioner of the Islamic Republic of Pakistan to Brunei Darussalam Major General (Rtd) Tariq Rashid Khan. https://t.co/SUWmfnuUCC",0,0,0,1,en,9.96558062314901E+017,1.04787343207384E+018,borneo_bulletin,https://twitter.com/borneo_bulletin/status/1047873432073846787
Mon Sep 17 15:59:29 +0000 2018,1.04171829286226E+018,"His Majesty the Sultan and Yang Di-Pertuan of Brunei Darussalam and Chancellor of UNISSA, awarded His  Royal Highness Prince the Crown Prince and Senior Minister at the Prime Ministerâ€™s Office, and Pro-Chancellor of UNISSA, with an Honorary Degree of Doctor in Islamic Finance. https://t.co/UfRBf0zZXN",0,0,0,1,en,9.96558062314901E+017,1.04171829286226E+018,borneo_bulletin,https://twitter.com/borneo_bulletin/status/1041718292862267393
Thu Sep 13 11:29:41 +0000 2018,1.04020084341108E+018,"Menyampaikan presentasi terkait â€œGovernance &amp  Standardization in Global Islamic Financial Institutionsâ€ dalam acara Brunei Darussalam Islamic Investment Summit di The Empire Hotel, Brunei Darussalam beberapa tahun silamâ€ https://t.co/1yxhiHXKlT",0,0,0,0,in,134123365,1.04020084341108E+018,faraalw,https://twitter.com/faraalw/status/1040200843411087361
Mon Aug 27 14:27:02 +0000 2018,1.03408488219075E+018,THE Indian High Commissioner to Brunei Darussalam Nagma M Mallick yesterday presented 38 pieces of Islamic calligraphy in a ceremony held at University Islam Sultan Sharif Ali (UNISSA). #brunei #donation https://t.co/fXEXlatu3A,0,0,1,1,en,9.96558062314901E+017,1.03408488219075E+018,borneo_bulletin,https://twitter.com/borneo_bulletin/status/1034084882190753793
Wed Jul 11 12:58:26 +0000 2018,1.01703035207702E+018,"By order of its Chancellor, His Majesty Sultan Hassanal Bolkiah: Sultan Sharif Ali Islamic University in Brunei Darussalam awards ISESCO Director General the Distinguished Leadership Award in Arabic language and Islamic civilization https://t.co/9ICtmuTvIO",0,0,0,0,en,617961439,1.01703035207702E+018,ICESCO_En,https://twitter.com/ICESCO_En/status/1017030352077025281
Wed Jul 11 12:58:18 +0000 2018,1.0170303187575E+018,"ISESCO Director General, FUIW Secretary General, visits Sultan Sharif Ali Islamic University in Brunei Darussalam https://t.co/lD0uv1jyGa",0,0,0,0,in,617961439,1.0170303187575E+018,ICESCO_En,https://twitter.com/ICESCO_En/status/1017030318757502977
Wed May 16 16:41:07 +0000 2018,9.9679267234075E+017,"Bank Islam Brunei Darussalam: Bank Islam Brunei Darussalam (BIBD) is the largest Islamic Bank in Brunei Darussalam, . https://t.co/uRRSlEu1ef",0,0,0,0,in,100501719,9.9679267234075E+017,OnlineBrunei,https://twitter.com/OnlineBrunei/status/996792672340750337
Tue May 01 20:43:10 +0000 2018,9.91417767206293E+017,"Islamic spell casters In Brunei  27782766860 - Brunei Darussalam , Brunei Darussalam - Electronics Express Free Classifiedads Electronics Mobile Phones Freeads Post Classifieds for Free B2B Free Classified Post Ads https://t.co/HfzqGNit1L",0,0,0,0,en,8.54006369292255E+017,9.91417767206293E+017,youngpsychic3,https://twitter.com/youngpsychic3/status/991417767206293509
Tue May 01 20:22:34 +0000 2018,9.91412587026944E+017,"Islamic spell casters In Brunei  27782766860 - Brunei Darussalam , Brunei Darussalam - Brunei Darussalam Free Classifieds | Brunei Darussalam Free Ads | Brunei Darussalam Buy and Sell | Free Advertising | Buy and Sell Ads | Post Free Classified Ads https://t.co/oDVhy6j3QW",0,0,0,0,de,8.54006369292255E+017,9.91412587026944E+017,youngpsychic3,https://twitter.com/youngpsychic3/status/991412587026944001
Sat Apr 28 16:41:06 +0000 2018,9.90269687215734E+017,"Bank Islam Brunei Darussalam: Bank Islam Brunei Darussalam (BIBD) is the largest Islamic Bank in Brunei Darussalam, . https://t.co/uRRSlEu1ef",0,0,0,1,in,100501719,9.90269687215734E+017,OnlineBrunei,https://twitter.com/OnlineBrunei/status/990269687215734784
Sat Apr 14 03:36:58 +0000 2018,9.84998925382828E+017,"Today marks the ascension of the Prophet Muhammad, Isra Miâ€™raj, which is on the 27th day of the month of #Rajab (the seventh month of the #Islamic calendar). In #ASEAN, Isra Miraj is celebrated in #Indonesia, #Malaysia, #Brunei Darussalam where #Islam is the most widely religion. https://t.co/iWGvxJx8Ox",0,0,2,1,en,4214936176,9.84998925382828E+017,aipasecretariat,https://twitter.com/aipasecretariat/status/984998925382828032
Wed Mar 28 22:40:52 +0000 2018,9.7912620088596E+017,Islamic calligraphy and painting exhibition in Brunei Darussalam on the eve of Pakistan day https://t.co/ozVsVx7Piw,0,0,0,0,en,332308406,9.7912620088596E+017,ASirohey,https://twitter.com/ASirohey/status/979126200885960704
Thu Mar 15 09:02:50 +0000 2018,9.74209295884566E+017,Beautiful Islamic #architecture in #Brunei Darussalam ðŸ‡§ðŸ‡³ https://t.co/7BdBfvhdpc,0,0,2,14,in,1562929645,9.74209295884566E+017,MichaelPostl,https://twitter.com/MichaelPostl/status/974209295884566528
Mon Mar 12 13:57:53 +0000 2018,9.73196382055096E+017,"#ICD_PS supported (TAIB), a corporate body conducting financial &amp  non-financial activities in #Brunei Darussalam, to separate its financial activities into a fully-fledged Islamic bank. Download the #ICD_PS 2016 Annual Report for more: https://t.co/NaDBKDTLp6 https://t.co/1BZ89cQzl6",0,0,0,0,en,2522628416,9.73196382055096E+017,ICD_PS,https://twitter.com/ICD_PS/status/973196382055096320
Thu Mar 01 02:43:10 +0000 2018,9.69040316656443E+017,"Short article Islamic Authority and the State in Brunei Darussalam"", just published in the Kyoto Review of Southeast Asia, in a special issue edited by Joseph. C Liow on ""Islamism in Southeast Asia""  https://t.co/hPeDdw5beI""",0,0,0,0,en,9.06595195260727E+017,9.69040316656443E+017,Dom_M_Mueller,https://twitter.com/Dom_M_Mueller/status/969040316656443392
Thu Feb 15 11:39:50 +0000 2018,9.64101945400049E+017,A short session of postgraduate students of UNISSA Brunei Darussalam and University Islam Palembang Indonesia We talked about Islamic stock index Indonesia.Islamic capital market and also customers perception on service quality of conventional and Islamic banks in Brunei. #Brunei https://t.co/07lVaPko6v,0,0,0,0,en,2392024357,9.64101945400049E+017,Aliyounglearner,https://twitter.com/Aliyounglearner/status/964101945400049664
Thu Dec 14 08:11:54 +0000 2017,9.41219180296024E+017,NOW in #Brunei #Darussalam: Day 2 of 5th AICIF: Keynote Presentation on â€œChallenges of Islamic Financial Institutions towards #ASEAN #Economic #Market by Prof Dr. Abdul Ghafar bin Ismail @IRTI_IDB @INCEIF @isdb_group https://t.co/y5lj5rbx2o,0,0,0,0,en,8.94799281156005E+017,9.41219180296024E+017,IsDB_CoE,https://twitter.com/IsDB_CoE/status/941219180296024066
Thu Dec 14 08:03:38 +0000 2017,9.41217103067017E+017,"Now in #Brunei #Darussalam: Day 2 of 5th AICIF (#ASEAN Universities Intâ€™l Conf. on #IslamicFinance), lecture on  â€œRealistic Approach in the Concept of Istisna' in Islamic Finance and its Possible Role in the #Development of #Rural Local #Agricultural Sector in #Pakistanâ€@IRTI_IDB https://t.co/FI8KaU6gHP",0,0,2,0,en,8.94799281156005E+017,9.41217103067017E+017,IsDB_CoE,https://twitter.com/IsDB_CoE/status/941217103067017216
Wed Dec 13 04:21:27 +0000 2017,9.40798797655019E+017,"NOW in #Brunei #Darussalam: During 5th AICIF, 5 important MoUs for #employment , academic coop. &amp  #research r signed btwn #Islamic Banking &amp  #Finance inst. universities &amp  academic centers frm Brunei, #Malaysia #Indonesia #Philippines &amp  also #Germany @INCEIF @IRTI_IDB @isdb_group https://t.co/CvboWAORuH",0,0,5,5,en,8.94799281156005E+017,9.40798797655019E+017,IsDB_CoE,https://twitter.com/IsDB_CoE/status/940798797655019520
Sat Nov 11 05:23:20 +0000 2017,9.2921795871864E+017,Exhibition of Islamic Calligraphy from Rampur Raza Library opens in Brunei Darussalam as part ofâ€¦ https://t.co/rj8WfKvmHj,0,0,0,0,en,2524123842,9.2921795871864E+017,rsrksharma1,https://twitter.com/rsrksharma1/status/929217958718640128
Sat Nov 11 05:19:47 +0000 2017,9.29217067726901E+017,Exhibition of Islamic Calligraphy from Rampur Raza Library opens in Brunei Darussalam asâ€¦ https://t.co/gjFWl8sDEy https://t.co/YocvbmIUR0,0,0,0,0,en,2524123842,9.29217067726901E+017,rsrksharma1,https://twitter.com/rsrksharma1/status/929217067726901248
Fri Nov 10 14:06:28 +0000 2017,9.28987225207066E+017,Exhibition of Islamic Calligraphy from Rampur Raza Library opens in Brunei Darussalam asâ€¦ https://t.co/tjKBk0G5V5 https://t.co/YEDlQDFqz0,0,0,0,0,en,7.29353513260728E+017,9.28987225207066E+017,nigahban87,https://twitter.com/nigahban87/status/928987225207066624
Fri Nov 10 12:32:05 +0000 2017,9.28963471705759E+017,Islamic calligraphy show from Rampur Raza Library opens in Brunei Darussalam https://t.co/XdKWVe3OZC https://t.co/RZqxH2GALo,0,0,0,0,en,27882166,9.28963471705759E+017,netindian,https://twitter.com/netindian/status/928963471705759744
Fri Nov 10 11:27:53 +0000 2017,9.28947315741741E+017,Exhibition of Islamic Calligraphy from Rampur Raza Library opens in Brunei Darussalam https://t.co/s1vawAlXvp,0,0,0,0,en,8.45363581772214E+017,9.28947315741741E+017,Sexysnehakapoor,https://twitter.com/Sexysnehakapoor/status/928947315741741056
Fri Nov 10 11:27:05 +0000 2017,9.28947111437193E+017,Exhibition of Islamic Calligraphy from Rampur Raza Library opens in Brunei Darussalam https://t.co/V6WxTSYpQO,0,0,0,0,en,8.31423327461797E+017,9.28947111437193E+017,khabarsamay,https://twitter.com/khabarsamay/status/928947111437193217
Fri Nov 10 10:29:29 +0000 2017,9.28932619965927E+017,Exhibition of Islamic Calligraphy from Rampur Raza Library opens in Brunei Darussalam asâ€¦ https://t.co/PawWx7B5Lu https://t.co/4v7cq9PaVn,0,0,0,0,en,102428464,9.28932619965927E+017,OdishaDiary,https://twitter.com/OdishaDiary/status/928932619965927424
Fri Nov 10 08:05:59 +0000 2017,9.28896504034668E+017,Exhibition of Islamic Calligraphy from Rampur Raza Library opens in Brunei Darussalam as part of Festival of India https://t.co/LUddBxiJJo,0,0,0,0,en,2505253273,9.28896504034668E+017,rcraina9,https://twitter.com/rcraina9/status/928896504034668544
Fri Nov 10 08:04:40 +0000 2017,9.28896175075414E+017,Exhibition of Islamic Calligraphy from Rampur Raza Library opens in Brunei Darussalam as part of Festival of India https://t.co/VlPEXkmoDy,0,0,0,0,en,8.77109035543085E+017,9.28896175075414E+017,cmhglobal,https://twitter.com/cmhglobal/status/928896175075414016
Fri Nov 10 07:29:47 +0000 2017,9.28887394249641E+017,@PMOIndia Exhibition of Islamic Calligraphy from Rampur Raza Library opens in Brunei Darussalam as part of Festival of India https://t.co/Kc86EUQHeV https://t.co/gh2j4bGuFN,0,0,0,0,en,2505253273,9.28887394249641E+017,rcraina9,https://twitter.com/rcraina9/status/928887394249641984
Fri Nov 10 07:17:43 +0000 2017,9.28884357858721E+017,Exhibition of Islamic Calligraphy from Rampur Raza Library opens in Brunei Darussalam as part of Festival of India https://t.co/eSSsAUYrdy,0,0,0,0,en,8.77109035543085E+017,9.28884357858721E+017,cmhglobal,https://twitter.com/cmhglobal/status/928884357858721792
Fri Nov 10 06:31:39 +0000 2017,9.28872763795808E+017,"https://t.co/Dcu1ZGK0gM ,Exhibition of Islamic Calligraphy from Rampur Raza Library opens in Brunei Darussalam as part of Festival of India",0,0,0,0,en,157237096,9.28872763795808E+017,CA_Saiprasad,https://twitter.com/CA_Saiprasad/status/928872763795808256
Fri Nov 10 05:57:49 +0000 2017,9.28864248763006E+017,Exhibition of Islamic Calligraphy from Rampur Raza Library opens in #Brunei Darussalam as part of Festival of #India https://t.co/DPQSlNdtF8,0,0,1,0,en,8.00021034736881E+017,9.28864248763006E+017,fx16news,https://twitter.com/fx16news/status/928864248763006976
Fri Nov 10 05:55:47 +0000 2017,9.28863739272609E+017,Exhibition of Islamic Calligraphy from Rampur Raza Library opens in Brunei Darussalam as part of Festival of India: https://t.co/Xh5NDmwKLT https://t.co/piDdLT1yzE,0,0,0,5,en,920488039,9.28863739272609E+017,MIB_India,https://twitter.com/MIB_India/status/928863739272609792
Fri Nov 10 05:52:22 +0000 2017,9.28862880971264E+017,Exhibition of Islamic Calligraphy from Rampur Raza Library opens in Brunei Darussalam as part of Festival of Indiaâ€¦ https://t.co/BhnQHZJA1E,0,0,0,0,en,3270975091,9.28862880971264E+017,mantralayatimes,https://twitter.com/mantralayatimes/status/928862880971264000
Fri Nov 10 05:50:38 +0000 2017,9.28862443412979E+017,Exhibition of Islamic Calligraphy from Rampur Raza Library opens in Brunei Darussalam as part of Festival of India https://t.co/eDPHEUKx2o https://t.co/HhXldFnyB2,1,0,5,8,en,231033118,9.28862443412979E+017,PIB_India,https://twitter.com/PIB_India/status/928862443412979712
Fri Nov 10 05:37:18 +0000 2017,9.28859088401858E+017,Exhibition of Islamic Calligraphy from Rampur Raza Library opens in Brunei Darussalam as part of Festival of India https://t.co/GsmmveEqtQ,0,0,0,0,en,3270975091,9.28859088401858E+017,mantralayatimes,https://twitter.com/mantralayatimes/status/928859088401858560
Fri Nov 10 05:31:31 +0000 2017,9.28857634077396E+017,Exhibition of Islamic Calligraphy from Rampur Raza Library opens in Brunei Darussalam as part of Festival ofÂ India https://t.co/ZFiJhZGOJT,0,0,0,0,en,157237096,9.28857634077396E+017,CA_Saiprasad,https://twitter.com/CA_Saiprasad/status/928857634077396992
Fri Nov 10 05:26:49 +0000 2017,9.28856450599878E+017,Exhibition of Islamic Calligraphy from Rampur Raza Library opens in Brunei Darussalam as part ofâ€¦ https://t.co/H2Is28AYvt #kashmirtelegraph,0,0,0,0,en,7.67350434654744E+017,9.28856450599878E+017,meetROMEET,https://twitter.com/meetROMEET/status/928856450599878656
Fri Nov 10 05:17:49 +0000 2017,9.28854186300551E+017,Exhibition of Islamic Calligraphy from Rampur Raza Library opens in Brunei Darussalam https://t.co/tS4fLG6jMt,0,0,0,0,en,7.24160628068327E+017,9.28854186300551E+017,indianemployees,https://twitter.com/indianemployees/status/928854186300551168
Fri Nov 10 05:11:07 +0000 2017,9.28852497078382E+017,Exhibition of Islamic Calligraphy from Rampur Raza Library opens in Brunei Darussalam as part of Festival of India https://t.co/W4jCbqeAdS,0,0,0,0,en,7.79154659004915E+017,9.28852497078382E+017,IAS_Gurukul,https://twitter.com/IAS_Gurukul/status/928852497078382593
Fri Nov 10 05:06:03 +0000 2017,9.28851223469473E+017,Exhibition of Islamic Calligraphy from Rampur Raza Library opens in Brunei Darussalam as part of Festival of India https://t.co/mpOTZutwK9,0,0,0,0,en,170787868,9.28851223469473E+017,Journalist_Anuj,https://twitter.com/Journalist_Anuj/status/928851223469473792
Wed Nov 08 11:11:44 +0000 2017,9.28218476203921E+017,"As  part of the first ever Festival of India in Brunei, the High Commision of India in Brunei and Ministry of Culture,Govt. of Brunei, Darussalam in cooperation with the @MinOfCultureGoI is organizing an exhibition of Islamic Calligraphy from Rampur Raza Library, Rampur https://t.co/R8WQgRlBmm",1,1,5,19,en,2673476378,9.28218476203921E+017,MinOfCultureGoI,https://twitter.com/MinOfCultureGoI/status/928218476203921408
Sun Jun 18 00:20:20 +0000 2017,8.76233081824456E+017,"Islamic Real Love Spells Caster That Work Immediately +27810950180 In United Arab Emirates, Brunei Darussalam, Kuwait, Saudi Arabia, Maurit""",0,0,0,0,en,8.55474381950263E+017,8.76233081824456E+017,nanonjustine,https://twitter.com/nanonjustine/status/876233081824456704
Sat May 20 20:24:22 +0000 2017,8.66026835720757E+017,Sultan of #Brunei Darussalam arrives in #Riyadh to take part in the Arab-Islamic-American Summit #RiyadhSummit2017 #SaudiSummit,0,0,1,1,en,8.11318284171771E+017,8.66026835720757E+017,albiladenglish,https://twitter.com/albiladenglish/status/866026835720757250
Sat May 20 19:26:10 +0000 2017,8.66012188795908E+017,Sultan of Brunei Darussalam arrives in Riyadh to take part in the Arab-Islamic-American Summit  #RiyadhSummit #SPAGOV,0,0,7,3,en,3481182319,8.66012188795908E+017,Spa_Eng,https://twitter.com/Spa_Eng/status/866012188795908096
Wed Apr 19 01:22:03 +0000 2017,8.5450533785604E+017,Islamic Governance Summer Programme 2017 from 17 July to 6 August 2017 in Universiti Brunei Darussalam Apply now&gt &gt   https://t.co/p5pA76Wsu3 https://t.co/tVwMaZpYRd,0,0,0,0,en,355406787,8.5450533785604E+017,ChulaOIA,https://twitter.com/ChulaOIA/status/854505337856040960
Mon Apr 17 05:57:42 +0000 2017,8.5384993465484E+017,"Meetings in the Sultanate of Brunei Darussalam, a Unitary Islamic Absolute Monarchy - theâ€¦ https://t.co/mq4QmQ3t7W",0,0,0,0,en,23670090,8.5384993465484E+017,JuanSenor,https://twitter.com/JuanSenor/status/853849934654840832
Mon Apr 17 05:56:32 +0000 2017,8.53849638016876E+017,"Meetings in the Sultanate of Brunei Darussalam, a Unitary Islamic Absolute Monarchy - theâ€¦ https://t.co/ITMUv64XQu",0,0,0,1,en,23670090,8.53849638016876E+017,JuanSenor,https://twitter.com/JuanSenor/status/853849638016876544
Fri Apr 07 01:09:55 +0000 2017,8.50153631232008E+017,The friendship and bilateral relations in military area between Brunei Darussalam and Islamic Republic of... https://t.co/3mD2UKsnZC,0,0,0,0,en,68634083,8.50153631232008E+017,RTB_News,https://twitter.com/RTB_News/status/850153631232008193
Wed Nov 30 10:27:22 +0000 2016,8.03908270889037E+017,"BIBD plans to spread overseas, open new branches in Brunei | BIBD, the largest Islamic bank in Brunei Darussalam... https://t.co/tYEM1UfQHO",0,0,0,1,en,94988337,8.03908270889037E+017,FajrCapital,https://twitter.com/FajrCapital/status/803908270889037824
Sat Sep 03 14:19:57 +0000 2016,7.72076671000117E+017,Bank Islam Brunei Darussalam: Bank Islam Brunei Darussalam is an Islamic Bank in Brunei. Established in 2005 ...  https://t.co/uX0fkGRvz3,0,0,0,0,de,2306587877,7.72076671000117E+017,vofnbrunei,https://twitter.com/vofnbrunei/status/772076671000117248
Tue May 03 04:04:25 +0000 2016,7.27348059680559E+017,Sultan Omar Ali Saifuddien Mosque is an Islamic mosque located in Brunei Darussalam.  03rd Mayâ€¦ https://t.co/VmqMOKMaTK,0,0,0,0,in,17734819,7.27348059680559E+017,TwOoNeOnE,https://twitter.com/TwOoNeOnE/status/727348059680559106
Sat Jan 02 14:46:49 +0000 2016,6.83298404663865E+017,"i really really really wanna go to Brunei Darussalam,live there,work there in pure islamic country. ðŸ˜”",0,0,1,2,en,3017360923,6.83298404663865E+017,92Hazmanlee,https://twitter.com/92Hazmanlee/status/683298404663865344
Fri Oct 02 03:05:51 +0000 2015,6.49782315996975E+017,Islamic Heritage in Brunei Darussalam https://t.co/oXlmW5h6ta,0,0,0,0,de,146254826,6.49782315996975E+017,bruneishare,https://twitter.com/bruneishare/status/649782315996975105
Fri Oct 02 02:59:48 +0000 2015,6.49780795293368E+017,Brunei Darussalam Share Info: Islamic Heritage in Brunei Darussalam http://t.co/mai9mHHkrN,0,0,0,0,in,146254826,6.49780795293368E+017,bruneishare,https://twitter.com/bruneishare/status/649780795293368320
Mon Sep 21 14:14:14 +0000 2015,6.45964256454815E+017,Negara Brunei Darussalam is the last Islamic absolute monarchy in Southeast Asia and one of the last ones in the... http://t.co/tCwwpo71aS,0,0,0,0,en,377565297,6.45964256454815E+017,ayoasean,https://twitter.com/ayoasean/status/645964256454815744
Mon Apr 20 00:36:54 +0000 2015,5.89950833795723E+017,2015 Brunei Darussalam Islamic Literature Festival BRUNEI-MUARA: One of the events in the 2015 Brunei Darussalam... http://t.co/DvIyl4bA6U,0,0,0,0,ro,2306587877,5.89950833795723E+017,vofnbrunei,https://twitter.com/vofnbrunei/status/589950833795723264
Tue Apr 14 12:19:58 +0000 2015,5.87953439063216E+017,Brunei Darussalam Imposed Islamic Laws in the Country http://t.co/t95pxUGuSI,0,0,0,1,en,2511024047,5.87953439063216E+017,DotorComputer,https://twitter.com/DotorComputer/status/587953439063216128
Sat Apr 11 06:22:57 +0000 2015,5.86776432648523E+017,#twitterstorians Prof/AssocProf in Malay-Islamic Civilization - Universiti Brunei Darussalam - http://t.co/z60Xjzfs9X http://t.co/Hurb9vpcRM,0,0,0,1,ro,136002754,5.86776432648523E+017,EHChalus,https://twitter.com/EHChalus/status/586776432648523776
Mon Dec 22 02:15:44 +0000 2014,5.46851551944273E+017,Kusantha USA 2016:No US territories in economic use why Obama did not focus on Myanmmar democracy in to Islamic monarchy Brunei Darussalam,0,0,0,0,en,328867672,5.46851551944273E+017,sdgggggggpg,https://twitter.com/sdgggggggpg/status/546851551944273921
Mon Dec 22 02:15:30 +0000 2014,5.46851493261746E+017,Kusantha USA 2016:No US territories in economic use why Obama did not focus on Rohingaya democracy in to Islamic monarchy Brunei Darussalam,0,0,0,0,en,328867672,5.46851493261746E+017,sdgggggggpg,https://twitter.com/sdgggggggpg/status/546851493261746176
Tue Nov 04 04:47:48 +0000 2014,5.29495201962659E+017,Heads of state call for increased collaboration in Shariah and Islamic finance between Malaysia and Brunei Darussalam,0,0,1,0,en,343755443,5.29495201962659E+017,IFN_news,https://twitter.com/IFN_news/status/529495201962659840
Mon Oct 13 00:22:06 +0000 2014,5.21455805586223E+017,The Islamic syiar in Brunei Darussalam continues to be propagated with the increasing number of new converts. A... http://t.co/nt0qurWmIg,0,0,0,0,en,68634083,5.21455805586223E+017,RTB_News,https://twitter.com/RTB_News/status/521455805586223104
Tue Jul 29 13:29:05 +0000 2014,4.94112375268573E+017,"Bank Islam Brunei Darussalam: Bank Islam Brunei Darussalam (BIBD) is the largest Islamic Bank in Brunei Darussalam, . http://t.co/uRRSlEMasn",0,0,0,0,in,100501719,4.94112375268573E+017,OnlineBrunei,https://twitter.com/OnlineBrunei/status/494112375268573186
Tue Jul 01 13:29:05 +0000 2014,4.8396551617264E+017,"Bank Islam Brunei Darussalam: Bank Islam Brunei Darussalam (BIBD) is the largest Islamic Bank in Brunei Darussalam, . http://t.co/uRRSlEMasn",0,0,0,0,in,100501719,4.8396551617264E+017,OnlineBrunei,https://twitter.com/OnlineBrunei/status/483965516172640256
Thu Jun 05 03:29:39 +0000 2014,4.74392579794935E+017,Job: Professor in Islamic Finance: Universiti Brunei Darussalam (Brunei) http://t.co/LtAudLQVu1,0,0,0,0,ro,84608958,4.74392579794935E+017,INOMICS_updates,https://twitter.com/INOMICS_updates/status/474392579794935811
Thu May 01 14:58:51 +0000 2014,4.61882446535868E+017,Brunei Darussalam Imposes Islamic Laws in the Country http://t.co/NJBLIleBUn via @pakistantv1,0,0,0,0,en,303902093,4.61882446535868E+017,faisal4990,https://twitter.com/faisal4990/status/461882446535868416
Thu May 01 05:27:09 +0000 2014,4.61738574732619E+017,Brunei Darussalam Imposes Islamic Laws in the Country http://t.co/Vo7qAJuFQJ,0,0,0,0,en,736324040,4.61738574732619E+017,NisarAliHadaf,https://twitter.com/NisarAliHadaf/status/461738574732619776
Wed Apr 30 19:00:57 +0000 2014,4.61580986996641E+017,Brunei Darussalam Imposes Islamic Laws in theÂ Country http://t.co/ySDVzRf7pJ,0,0,0,0,en,797057838,4.61580986996641E+017,Innpk_com,https://twitter.com/Innpk_com/status/461580986996641793
Wed Apr 16 23:38:10 +0000 2014,4.56577319339966E+017,Brunei Darussalam honours the moderate way of life in accordance with Islamic teachings and places great... http://t.co/1meBQc60DL,0,0,0,0,en,68634083,4.56577319339966E+017,RTB_News,https://twitter.com/RTB_News/status/456577319339966464
Sat Mar 29 13:08:50 +0000 2014,4.49895961545158E+017,ISDEV PhD candidate Nor Hanani Ismail won The Best Islamic Research Prize (Al-Qur'an and Sunnah) at UNISSA's SAPLI 2014 in Brunei Darussalam,0,0,0,0,en,1639388341,4.49895961545158E+017,isdevusm2013,https://twitter.com/isdevusm2013/status/449895961545158657
Fri Mar 28 01:55:36 +0000 2014,4.49364149848379E+017,"In conjunction with Universiti Brunei Darussalam's Islamic Aspiration Week, the UBD Dzikir Nasyid and Tausyeh... http://t.co/l3InbAwSdB",0,0,0,0,in,68634083,4.49364149848379E+017,RTB_News,https://twitter.com/RTB_News/status/449364149848379392
Sat Mar 01 13:41:04 +0000 2014,4.39757210936033E+017,THE Islamic Quran Readers Association (IQRA) of Brunei Darussalam offers lessons in reading Al-Quran to ensure... http://t.co/gyZlNBz8DO,0,0,0,0,en,101699854,4.39757210936033E+017,Nadeem_Syed57,https://twitter.com/Nadeem_Syed57/status/439757210936033280
Fri Jan 24 05:02:34 +0000 2014,4.26580766592483E+017,IFSB seminar on legal issues in Islamic finance to be hosted by Autoriti Monetari Brunei Darussalam,0,0,0,0,en,343755443,4.26580766592483E+017,IFN_news,https://twitter.com/IFN_news/status/426580766592483328
Sat Jan 11 00:07:31 +0000 2014,4.21795469015388E+017,Islamic Law has existed in Brunei Darussalam since the 1950s and is written in the state constitution. http://t.co/Ix5uWCOy1T,0,0,0,0,en,68634083,4.21795469015388E+017,RTB_News,https://twitter.com/RTB_News/status/421795469015388161
Sat Dec 21 01:04:21 +0000 2013,4.14199627068739E+017,Islamic syiar in Brunei Darussalam continues to expand with the increase in the number of new converts. http://t.co/pWLZikOnB7,0,0,0,0,en,68634083,4.14199627068739E+017,RTB_News,https://twitter.com/RTB_News/status/414199627068739584
Mon Dec 16 07:27:25 +0000 2013,4.12484089438941E+017,Here's something for thieves to think about when the Islamic 'hudud' law is implemented in Brunei Darussalam by... http://t.co/5bTiPzbN6j,0,0,0,0,en,208364029,4.12484089438941E+017,temburong,https://twitter.com/temburong/status/412484089438941184
Mon Nov 25 14:58:25 +0000 2013,4.04987443193327E+017,"(BRUNEI DARUSSALAM) Islamic tourism in Brunei. The picture is showing the small copy of Holy book of Al-Quran,... http://t.co/rFPfrAkqHE",0,0,0,0,en,377565297,4.04987443193327E+017,ayoasean,https://twitter.com/ayoasean/status/404987443193327617
Wed Nov 13 23:36:07 +0000 2013,4.00769072713183E+017,Laws being practiced in Brunei Darussalam and Malaysia especially the Islamic Family Laws are among the matters... http://t.co/nY7gXmJhbF,0,0,0,0,en,68634083,4.00769072713183E+017,RTB_News,https://twitter.com/RTB_News/status/400769072713183232
Wed Oct 02 23:40:19 +0000 2013,3.85549838953488E+017,"Brunei Darussalam's contingent to the 3rd Islamic Solidarity Games in Palembang, Indonesia has returned with one... http://t.co/hdCB5jM5Va",0,0,0,0,en,68634083,3.85549838953488E+017,RTB_News,https://twitter.com/RTB_News/status/385549838953488384
Tue Oct 01 00:06:29 +0000 2013,3.84831648597942E+017,Brunei Darussalam's representatives in the Borneo Islamic Arts Festival has brought the country's name to the... http://t.co/J2h2Cvqxz7,0,0,0,0,en,68634083,3.84831648597942E+017,RTB_News,https://twitter.com/RTB_News/status/384831648597942272
Mon Aug 26 07:57:25 +0000 2013,3.71904197915983E+017,Islamic Finance in Brunei Darussalam http://t.co/w9f3BP8JI2,0,0,0,0,in,99136524,3.71904197915983E+017,cpaldi,https://twitter.com/cpaldi/status/371904197915983872
Mon Jul 22 12:12:21 +0000 2013,3.59284779029495E+017,"Brunei Darussalam:  Sultan Omar Ali Saifuddien Mosque is a royal Islamic mosque located in Bandar Seri Begawan,... http://t.co/PF32C9Bk95",0,0,0,0,in,377565297,3.59284779029495E+017,ayoasean,https://twitter.com/ayoasean/status/359284779029495808
Tue Jul 09 11:14:49 +0000 2013,3.54559261101137E+017,Tomorrow marks the start of the Islamic holy month of Ramadhan in Brunei Darussalam and other parts ofâ€¦ http://t.co/uHYRqPoLJc,0,0,0,0,en,350854018,3.54559261101137E+017,igersbrunika,https://twitter.com/igersbrunika/status/354559261101137924
Sat Jul 06 02:53:29 +0000 2013,3.53345929950138E+017,"Brunei Darussalam:  Sultan Omar Ali Saifuddien Mosque is a royal Islamic mosque located in Bandar Seri Begawan,... http://t.co/Q6pGnndKKQ",0,0,0,0,in,377565297,3.53345929950138E+017,ayoasean,https://twitter.com/ayoasean/status/353345929950138372
Wed Jun 19 02:39:23 +0000 2013,3.47181789183373E+017,A steady growth has been seen in the Islamic Finance Industry in Brunei Darussalam. Currently the development of... http://t.co/dbW7nIibow,0,0,0,0,en,68634083,3.47181789183373E+017,RTB_News,https://twitter.com/RTB_News/status/347181789183373312
Thu Apr 04 12:21:14 +0000 2013,3.19786740078477E+017,Islamic Heritage in Brunei Darussalam http://t.co/CYggxHwpXZ,0,0,0,0,de,146254826,3.19786740078477E+017,bruneishare,https://twitter.com/bruneishare/status/319786740078477312
Sun Mar 10 05:23:18 +0000 2013,3.10621867230777E+017,"Congratulations to @BIBD for winning four accolades at IFN Awards, including 'Best Islamic Bank in Brunei Darussalam' http://t.co/oxtU8njX4z",0,0,1,0,en,94988337,3.10621867230777E+017,FajrCapital,https://twitter.com/FajrCapital/status/310621867230777344
Tue Mar 05 11:05:41 +0000 2013,3.08896090592256E+017,News:  The Use of ICT in Teaching Islamic Subjects in Brunei Darussalam http://t.co/Tt8lBNXJVp,0,0,0,0,en,69533246,3.08896090592256E+017,HumanityNews,https://twitter.com/HumanityNews/status/308896090592256000
Wed Feb 13 02:12:11 +0000 2013,3.01514071872778E+017,"Brunei Darussalam and The Islamic Republic of Iran have many commonalities in cultural, religious, political,... http://t.co/LpTGKof1",0,0,0,0,en,68634083,3.01514071872778E+017,RTB_News,https://twitter.com/RTB_News/status/301514071872778240
Mon Feb 04 14:32:37 +0000 2013,2.98438918225928E+017,"(BRUNEI DARUSSALAM) Brunei offers a high quality of life, ranking the highest in the Islamic World and 3rd in... http://t.co/bfTc1GYc",0,0,0,0,en,377565297,2.98438918225928E+017,ayoasean,https://twitter.com/ayoasean/status/298438918225928192
Sat Feb 02 16:05:01 +0000 2013,2.97737394894032E+017,Sultan Sharif Ali Islamic University (UNISSA) | TOP ranked University in Brunei Darussalam: http://t.co/IMf4s7yM,0,0,0,0,in,446889533,2.97737394894032E+017,hijer_hijrie,https://twitter.com/hijer_hijrie/status/297737394894032897
Wed Jan 16 01:12:08 +0000 2013,2.91352100510789E+017,Islamic syiar in Brunei Darussalam continues to expand. The dissemination of Islam is not limited to urban areas... http://t.co/sPm1DmVT,0,0,0,0,en,68634083,2.91352100510789E+017,RTB_News,https://twitter.com/RTB_News/status/291352100510789634
Wed Jan 02 00:08:50 +0000 2013,2.86262739393982E+017,The field and product of Islamic Literature writing in Brunei Darussalam continues to develop. This is evident... http://t.co/l69U3Yqg,0,0,0,0,en,68634083,2.86262739393982E+017,RTB_News,https://twitter.com/RTB_News/status/286262739393982464
